{"cameraMode":{"drawMode":0,"name":"Shaded","section":"Shading Mode"},"sceneLighting":false,"audioPlay":false,"sceneViewState":{"showFog":true,"showMaterialUpdate":false,"showSkybox":false,"showFlares":true,"showImageEffects":true,"showParticleSystems":true},"in2DMode":false,"pivot":{"x":10.003999710083008,"y":0.6610211133956909,"z":19.041112899780275},"rotation":{"x":0.13693319261074067,"y":-0.6971170902252197,"z":0.13833920657634736,"w":0.6900395750999451},"size":0.8726481199264526,"orthographic":false}